Date,Contest number,Word,Number of  reported results,Number in hard mode,Percent in 1 try,2 tries,3 tries,4 tries,5 tries,6 tries,7 or more tries (X),word_frequency_col,consonant_cluster_col,vowel_cluster_col,consonant_vowel_consonant_col,count_duplicate_letters_col,count_duplicate_types_col,get_phonemes_col,has_diacritics_col,count_similar_words_col,,week,percentage
2022-12-31,560,manly,20380,1899,1,3,23,39,24,9,1,0.000172237,0,0,1,0,0,ˈmænli,1,6,0.093179588,4,0.093179588
2022-12-30,559,molar,21204,1973,1,5,23,31,24,14,2,8.61E-05,0,0,1,0,0,molar*,0,4,0.093048481,5,0.093048481
2022-12-29,558,havoc,20001,1919,1,3,13,27,30,22,4,0.000258355,0,0,1,0,0,ˈhævək,1,1,0.095945203,6,0.095945203
2022-12-28,557,impel,20160,1937,1,4,16,30,30,17,2,0,0,0,1,0,0,ˌɪmˈpɛl,1,3,0.096081349,0,0.096081349
2022-12-27,556,condo,20879,2012,0.99009901,8.910891089,34.65346535,33.66336634,15.84158416,4.95049505,0.99009901,0,0,0,1,2,1,ˈkɑndoʊ,1,2,0.096364768,1,0.096364768
2022-12-26,555,judge,20011,2043,1,4,15,26,29,21,4,0.003272499,0,0,1,0,0,ʤəʤ,1,3,0.102093848,2,0.102093848
2022-12-25,554,extra,15554,1562,1.01010101,2.02020202,13.13131313,29.29292929,31.31313131,20.2020202,3.03030303,0.00430592,1,0,0,0,0,ˈɛkstrə,1,2,0.100424328,3,0.100424328
2022-12-24,553,poise,20281,1911,1,4,21,30,24,15,5,0.00051671,0,1,0,0,0,pɔɪz,1,1,0.094226123,4,0.094226123
2022-12-23,552,aorta,21937,2112,0.99009901,8.910891089,34.65346535,33.66336634,15.84158416,4.95049505,0.99009901,0.000258355,0,1,0,2,1,eɪˈɔrtə,1,1,0.096275699,5,0.096275699
2022-12-22,551,excel,20490,2034,1,9,32,32,18,7,1,8.61E-05,0,0,1,2,1,ɪkˈsɛl,1,1,0.099267936,6,0.099267936
2022-12-21,550,lunar,22180,2036,0.99009901,7.920792079,31.68316832,31.68316832,17.82178218,7.920792079,1.98019802,0.000861184,0,0,1,0,0,ˈlunər,1,2,0.091794409,0,0.091794409
2022-12-20,549,third,24137,2261,0.99009901,1.98019802,10.89108911,23.76237624,30.69306931,25.74257426,5.940594059,0.014726247,1,0,1,0,0,θərd,1,3,0.093673613,1,0.093673613
2022-12-19,548,slate,26010,2422,1.01010101,16.16161616,37.37373737,28.28282828,12.12121212,4.04040404,1.01010101,0.000430592,1,0,1,0,0,sleɪt,1,12,0.093118032,2,0.093118032
2022-12-18,547,taper,22166,2108,0.99009901,7.920792079,28.71287129,33.66336634,19.8019802,7.920792079,0.99009901,0.000258355,0,0,1,0,0,ˈteɪpər,1,4,0.095100605,3,0.095100605
2022-12-17,546,chord,22336,2088,1.01010101,8.080808081,30.3030303,33.33333333,19.19191919,7.070707071,1.01010101,0.000602829,1,0,1,0,0,kɔrd,1,5,0.093481375,4,0.093481375
2022-12-16,545,probe,22853,2160,0.99009901,2.97029703,16.83168317,32.67326733,28.71287129,14.85148515,2.97029703,0.00051671,1,0,1,0,0,proʊb,1,9,0.094517131,5,0.094517131
2022-12-15,544,rival,22176,2127,1,5,28,38,20,7,1,0.000947302,0,0,1,0,0,ˈraɪvəl,1,2,0.095914502,6,0.095914502
2022-12-14,543,usual,20824,2048,1,1,11,29,33,21,4,0.008267367,0,1,0,2,1,ˈjuʒəwəl,1,1,0.09834806,0,0.09834806
2022-12-13,542,spoke,24101,2224,1.01010101,6.060606061,25.25252525,34.34343434,23.23232323,9.090909091,1.01010101,0.007492301,1,0,1,0,0,spoʊk,1,6,0.092278329,1,0.092278329
2022-12-12,541,apply,22873,2150,1,4,22,37,24,10,2,0.004822631,1,0,0,2,1,əˈplaɪ,1,4,0.093997289,2,0.093997289
2022-12-11,540,naive,21947,2075,1.01010101,9.090909091,29.29292929,33.33333333,19.19191919,7.070707071,1.01010101,0.001550131,0,1,0,0,0,naɪiv,1,1,0.094545952,3,0.094545952
2022-12-10,539,knock,21157,2041,1,4,17,30,27,17,4,0.001291776,0,0,1,2,1,nɑk,1,1,0.096469254,4,0.096469254
2022-12-9,538,braid,23640,2165,0.99009901,6.930693069,28.71287129,34.65346535,19.8019802,7.920792079,0.99009901,0,1,1,0,0,0,breɪd,1,6,0.091582064,5,0.091582064
2022-12-8,537,infer,21199,1863,0,2,18,39,27,12,2,8.61E-05,0,0,1,0,0,ˌɪnˈfər,1,2,0.087881504,6,0.087881504
2022-12-7,536,joust,24899,2388,1.01010101,10.1010101,25.25252525,27.27272727,19.19191919,12.12121212,5.050505051,8.61E-05,0,1,0,0,0,ʤaʊst,1,2,0.095907466,0,0.095907466
2022-12-6,535,amber,23509,2261,1,13,34,30,15,6,1,0.000258355,0,0,1,0,0,ˈæmbər,1,4,0.096175933,1,0.096175933
2022-12-5,534,woken,23153,2200,2.97029703,12.87128713,31.68316832,28.71287129,15.84158416,6.930693069,0.99009901,0,0,0,1,0,0,ˈwoʊkən,1,0,0.095020084,2,0.095020084
2022-12-4,533,adore,25577,2398,0.99009901,6.930693069,21.78217822,27.72277228,24.75247525,13.86138614,3.96039604,0.000172237,0,0,1,0,0,əˈdɔr,1,4,0.093756109,3,0.093756109
2022-12-3,532,torso,23873,2260,1,10,28,31,19,9,2,0.000602829,0,0,1,2,1,ˈtɔrˌsoʊ,1,4,0.094667616,4,0.094667616
2022-12-2,531,chafe,24646,2343,0.99009901,3.96039604,21.78217822,35.64356436,24.75247525,10.89108911,1.98019802,8.61E-05,1,0,1,0,0,ʧeɪf,1,6,0.095066136,5,0.095066136
2022-12-1,530,eject,22628,2200,1,3,17,33,27,16,3,8.61E-05,0,0,1,2,1,ɪˈʤɛkt,1,1,0.097224677,6,0.097224677
2022-11-29,528,undue,23739,2316,1,3,13,24,30,24,5,0.001119539,0,1,0,2,1,ənˈdu,1,7,0.097560976,0,0.097560976
2022-11-28,527,tepid,26051,2484,1.01010101,10.1010101,20.2020202,24.24242424,24.24242424,17.17171717,3.03030303,8.61E-05,0,0,1,0,0,ˈtɛpɪd,1,1,0.095351426,1,0.095351426
2022-11-27,526,happy,25206,2356,1,5,22,34,25,11,2,0.007836775,0,0,1,2,1,ˈhæpi,1,3,0.093469809,2,0.093469809
2022-11-26,525,clen,26381,2424,1,8,26,32,21,10,2,0,1,0,1,0,0,clen*,0,2,0.091884311,3,0.091884311
2022-11-25,524,itchy,24197,2329,1,4,18,30,28,16,3,0,1,0,0,0,0,ˈɪʧi,1,1,0.096251601,4,0.096251601
2022-11-24,523,feast,27705,2725,1,7,23,34,24,10,1,0.000258355,0,1,0,0,0,fist,0,2,0.098357697,5,0.098357697
2022-11-23,522,drive,26663,2451,1,6,29,34,21,8,1,0.008009011,1,0,1,0,0,draɪv,1,3,0.09192514,6,0.09192514
2022-11-22,521,prime,27437,2534,1,6,25,33,22,11,2,0.003186381,1,0,1,0,0,praɪm,1,12,0.092357036,0,0.092357036
2022-11-21,520,axiom,24288,2382,1,6,25,33,22,11,2,8.61E-05,0,1,0,0,0,ˈæksiəm,1,2,0.098073123,1,0.098073123
2022-11-20,519,brave,24991,2396,1,4,20,31,26,15,3,0.001722368,1,0,1,0,0,breɪv,1,6,0.095874515,2,0.095874515
2022-11-19,518,avert,24749,2400,1,6,16,23,24,21,9,8.61E-05,0,0,1,0,0,əˈvərt,1,2,0.096973615,3,0.096973615
2022-11-18,517,glyph,29208,2899,0.99009901,2.97029703,14.85148515,28.71287129,26.73267327,18.81188119,6.930693069,0,1,0,0,0,0,glyph*,0,1,0.099253629,4,0.099253629
2022-11-17,516,there,27465,2530,1,1,8,19,31,30,10,0.161644241,1,0,1,2,1,ðɛr,1,10,0.09211724,5,0.09211724
2022-11-16,515,baker,25576,2541,0.99009901,3.96039604,20.79207921,31.68316832,25.74257426,13.86138614,2.97029703,0.000172237,0,0,1,0,0,ˈbeɪkər,1,4,0.099350954,6,0.099350954
2022-11-15,514,snarl,27475,2650,1.01010101,9.090909091,26.26262626,30.3030303,21.21212121,10.1010101,2.02020202,0,1,0,1,0,0,snɑrl,1,5,0.096451319,0,0.096451319
2022-11-14,513,maple,26536,2467,1.01010101,14.14141414,38.38383838,30.3030303,12.12121212,4.04040404,0,0.000344474,1,0,1,0,0,ˈmeɪpəl,1,2,0.092968043,1,0.092968043
2022-11-13,512,inane,25085,2515,0.99009901,4.95049505,15.84158416,23.76237624,24.75247525,21.78217822,7.920792079,8.61E-05,0,0,1,2,1,ˌɪˈneɪn,1,1,0.100259119,2,0.100259119
2022-11-12,511,valet,24660,2356,1.01010101,6.060606061,21.21212121,32.32323232,25.25252525,12.12121212,2.02020202,0.000172237,0,0,1,0,0,væˈleɪ,1,5,0.095539335,3,0.095539335
2022-11-11,510,medal,25993,2438,1,2,10,29,33,21,4,0.000258355,0,0,1,0,0,ˈmɛdəl,1,2,0.093794483,4,0.093794483
2022-11-10,509,unite,27467,2575,1,5,26,34,22,10,2,0.000861184,0,0,1,0,0,ˈjuˌnaɪt,1,5,0.093748862,5,0.093748862
2022-11-9,508,rainy,28984,2678,1,9,33,33,16,7,1,0.000344474,0,1,0,0,0,ˈreɪni,1,1,0.092395805,6,0.092395805
2022-11-8,507,spell,27213,2531,1,8,30,36,18,6,1,0.00163625,1,0,1,2,1,spɛl,1,5,0.093007019,0,0.093007019
2022-11-7,506,begin,26096,2439,1,2,17,35,30,13,2,0.007061709,0,0,1,0,0,bɪˈgɪn,1,2,0.0934626,1,0.0934626
2022-11-6,505,stale,31068,3013,1.01010101,7.070707071,26.26262626,31.31313131,21.21212121,11.11111111,2.02020202,0.000344474,1,0,1,0,0,steɪl,1,11,0.096980816,2,0.096980816
2022-11-5,504,dream,29743,2751,1,8,29,34,19,8,1,0.005167104,1,1,0,0,0,drim,0,3,0.092492351,3,0.092492351
2022-11-4,503,photo,27330,2565,0.99009901,4.95049505,19.8019802,34.65346535,25.74257426,11.88118812,1.98019802,0.000430592,0,0,1,2,1,ˈfoʊˌtoʊ,1,2,0.093852909,4,0.093852909
2022-11-3,502,aloud,29554,2819,0.99009901,8.910891089,24.75247525,28.71287129,21.78217822,11.88118812,2.97029703,0.001033421,0,1,0,0,0,əˈlaʊd,1,4,0.095384719,5,0.095384719
2022-11-2,501,inept,27670,2640,0.99009901,7.920792079,32.67326733,33.66336634,16.83168317,6.930693069,0.99009901,0.000172237,0,0,1,0,0,ˌɪˈnɛpt,1,2,0.095410192,6,0.095410192
2022-11-1,500,piney,27502,3667,0.99009901,8.910891089,29.7029703,33.66336634,18.81188119,6.930693069,0.99009901,0,0,0,1,0,0,piney*,0,8,0.133335757,0,0.133335757
2022-10-31,499,aptly,26498,2572,1,5,18,31,28,15,2,0.000344474,0,0,0,0,0,ˈæptli,1,2,0.097063929,1,0.097063929
2022-10-30,498,waltz,24672,2496,1,5,26,37,22,8,1,8.61E-05,0,0,1,0,0,wɔlts,1,2,0.101167315,2,0.101167315
2022-10-29,497,libel,25156,2536,0,8,31,34,19,7,1,8.61E-05,0,0,1,2,1,ˈlaɪbɛl,1,2,0.10081094,3,0.10081094
2022-10-28,496,sneak,27905,2636,1,6,14,18,17,24,20,0.000172237,1,1,0,0,0,snik,0,4,0.094463358,4,0.094463358
2022-10-27,495,carry,27609,2615,1,7,29,35,20,7,1,0.007578419,0,0,1,2,1,ˈkɛri,1,4,0.094715491,5,0.094715491
2022-10-26,494,flout,30063,2904,1.01010101,4.04040404,23.23232323,36.36363636,24.24242424,10.1010101,1.01010101,0,1,1,0,0,0,flaʊt,1,4,0.096597146,6,0.096597146
2022-10-25,493,foggy,28953,2817,0,5,19,33,28,13,2,0.000258355,0,0,1,2,1,ˈfɑgi,1,2,0.097295617,0,0.097295617
2022-10-24,492,fault,28947,2768,0.980392157,15.68627451,31.37254902,29.41176471,15.68627451,5.882352941,0.980392157,0.001894605,0,1,0,0,0,fɔlt,1,3,0.095623035,1,0.095623035
2022-10-23,491,mummy,29279,3021,0.99009901,6.930693069,18.81188119,21.78217822,18.81188119,17.82178218,14.85148515,0,0,0,1,3,1,ˈməmi,1,1,0.103179753,2,0.103179753
2022-10-22,490,spiel,29084,2810,1.01010101,5.050505051,18.18181818,30.3030303,26.26262626,16.16161616,3.03030303,0,1,1,0,0,0,spil,0,12,0.096616696,3,0.096616696
2022-10-21,489,grove,28637,2794,1,8,31,34,19,6,1,0.000602829,1,0,1,0,0,groʊv,1,3,0.097566086,4,0.097566086
2022-10-20,488,denim,28741,2769,0,4.95049505,20.79207921,31.68316832,25.74257426,13.86138614,2.97029703,0,0,0,1,0,0,ˈdɛnəm,1,1,0.096343203,5,0.096343203
2022-10-19,487,quirk,28322,2794,0,4.04040404,20.2020202,33.33333333,27.27272727,13.13131313,2.02020202,8.61E-05,0,1,0,0,0,kwərk,1,8,0.098651225,6,0.098651225
2022-10-18,486,exist,28612,2805,2.02020202,14.14141414,36.36363636,30.3030303,13.13131313,4.04040404,0,0.005080986,0,0,1,0,0,ɪgˈzɪst,1,2,0.098035789,0,0.098035789
2022-10-17,485,stein,31269,2965,0,2.02020202,19.19191919,36.36363636,27.27272727,13.13131313,2.02020202,0.000172237,1,1,0,0,0,staɪn,1,10,0.094822348,1,0.094822348
2022-10-16,484,spade,30459,2854,0.99009901,3.96039604,21.78217822,34.65346535,25.74257426,10.89108911,1.98019802,0.000344474,1,0,1,0,0,speɪd,1,12,0.093699728,2,0.093699728
2022-10-15,483,catch,30403,3123,0.99009901,13.86138614,34.65346535,30.69306931,13.86138614,4.95049505,0.99009901,0.003616973,0,0,1,2,1,kæʧ,1,1,0.102720126,3,0.102720126
2022-10-14,482,floor,28906,2752,0,5.102040816,29.59183673,36.73469388,20.40816327,7.142857143,1.020408163,0.013520589,1,1,0,2,1,flɔr,1,6,0.095205148,4,0.095205148
2022-10-13,481,equal,27197,2677,0,2,13,31,33,18,3,0.007578419,0,1,0,0,0,ˈikwəl,1,2,0.098429974,5,0.098429974
2022-10-12,480,ionic,29151,2947,0.793650794,1.587301587,14.28571429,34.92063492,20.63492063,20.63492063,7.142857143,0.000344474,0,1,1,2,1,ˌaɪˈɑnɪk,1,1,0.101094302,6,0.101094302
2022-10-11,479,valid,28575,2752,0.99009901,5.940594059,16.83168317,21.78217822,19.8019802,20.79207921,13.86138614,0.001894605,0,0,1,0,0,ˈvælɪd,1,1,0.096307962,0,0.096307962
2022-10-10,478,enjoy,26878,2654,0,3.03030303,17.17171717,30.3030303,28.28282828,17.17171717,4.04040404,0.003703091,0,0,1,0,0,ˌɛnˈʤɔɪ,1,1,0.098742466,1,0.098742466
2022-10-9,477,howdy,28408,2668,0,5.050505051,16.16161616,24.24242424,27.27272727,21.21212121,6.060606061,0,0,0,1,0,0,ˈhaʊdi,1,1,0.093917206,2,0.093917206
2022-10-8,476,vigor,26905,2642,0,1.98019802,8.910891089,25.74257426,31.68316832,23.76237624,7.920792079,0.001205658,0,0,1,0,0,ˈvɪgər,1,1,0.098197361,3,0.098197361
2022-10-7,475,dandy,29026,2840,1,4,19,27,26,18,5,0.000172237,0,0,1,2,1,ˈdændi,1,2,0.097843313,4,0.097843313
2022-10-6,474,sloth,32522,2987,1,16,33,28,15,6,1,0,1,0,1,0,0,sloʊθ,1,3,0.09184552,5,0.09184552
2022-10-5,473,marxh,30935,2885,0,2,10,24,32,26,6,0,0,0,1,0,0,marxh*,0,2,0.093260061,6,0.093260061
2022-10-4,472,bough,32014,3060,0,3.03030303,16.16161616,31.31313131,30.3030303,16.16161616,3.03030303,0.000172237,0,1,0,0,0,baʊ,1,3,0.095583182,0,0.095583182
2022-10-3,471,sting,32288,2969,0,2,14,32,32,17,3,0.000430592,1,0,1,0,0,stɪŋ,1,5,0.091953667,1,0.091953667
2022-10-2,470,twine,30088,2775,0,1.98019802,12.87128713,32.67326733,32.67326733,16.83168317,2.97029703,0,1,0,1,0,0,twaɪn,1,6,0.09222946,2,0.09222946
2022-10-1,469,leave,28202,2696,0,1.98019802,13.86138614,30.69306931,30.69306931,18.81188119,3.96039604,0.017051444,0,1,0,2,1,liv,0,3,0.095596057,3,0.095596057
2022-9-30,468,scorn,31223,2859,1,12,23,26,21,13,4,0.000344474,1,0,1,0,0,skɔrn,1,5,0.091567114,4,0.091567114
2022-9-29,467,scald,30477,2829,1.98019802,20.79207921,35.64356436,25.74257426,10.89108911,3.96039604,0.99009901,8.61E-05,1,0,1,0,0,skɔld,1,12,0.092824097,5,0.092824097
2022-9-28,466,usurp,31355,3007,0.99009901,9.900990099,30.69306931,33.66336634,17.82178218,5.940594059,0.99009901,8.61E-05,0,0,1,2,1,ˌjuˈsərp,1,3,0.09590177,6,0.09590177
2022-9-27,465,soggy,30985,2888,0,3.03030303,20.2020202,33.33333333,27.27272727,14.14141414,2.02020202,0.000258355,0,0,1,2,1,ˈsɑgi,1,1,0.09320639,0,0.09320639
2022-9-26,464,brisk,31706,2884,1.01010101,5.050505051,24.24242424,36.36363636,23.23232323,9.090909091,1.01010101,0.000602829,1,0,1,0,0,brɪsk,1,5,0.090960701,1,0.090960701
2022-9-25,463,admit,28994,2677,1,4,29,42,18,5,1,0.003186381,0,0,1,0,0,ədˈmɪt,1,2,0.092329447,2,0.092329447
2022-9-24,462,grate,32777,3077,0,6,24,35,24,10,1,0.000258355,1,0,1,0,0,greɪt,1,10,0.093876804,3,0.093876804
2022-9-23,461,glory,31509,2893,1,11,22,25,21,15,5,0.001550131,1,0,1,0,0,ˈglɔri,1,3,0.091815037,4,0.091815037
2022-9-22,460,saint,34455,3119,0,3,19,40,28,9,1,0.000861184,0,1,0,0,0,seɪnt,1,1,0.090523872,5,0.090523872
2022-9-21,459,recap,31976,2900,0,4.04040404,20.2020202,35.35353535,27.27272727,11.11111111,2.02020202,0,0,0,1,0,0,ˈriˌkæp,1,2,0.09069302,6,0.09069302
2022-9-20,458,alike,31277,2843,1,8,30,36,18,6,1,0.001722368,0,0,1,0,0,əˈlaɪk,1,4,0.090897465,0,0.090897465
2022-9-19,457,trice,35050,3430,0,2.02020202,10.1010101,19.19191919,19.19191919,23.23232323,26.26262626,0,1,0,1,0,0,traɪs,1,11,0.0978602,1,0.0978602
2022-9-18,456,stick,33102,3038,0,5,20,34,27,12,2,0.003186381,1,0,1,0,0,stɪk,1,5,0.091776932,2,0.091776932
2022-9-17,455,chute,33418,3073,0,1.98019802,10.89108911,29.7029703,32.67326733,20.79207921,3.96039604,0.000172237,1,0,1,0,0,ʃut,1,1,0.091956431,3,0.091956431
2022-9-16,454,parer,37309,4130,1.98019802,18.81188119,38.61386139,27.72277228,9.900990099,2.97029703,0,0,0,0,1,2,1,parer*,0,7,0.110697151,4,0.110697151
2022-9-15,453,doubt,33344,3011,1,6,25,34,23,10,1,0.009731379,0,1,0,0,0,daʊt,1,2,0.090301104,5,0.090301104
2022-9-14,452,thyme,32142,2938,0,7,27,34,22,9,1,0,1,0,0,0,0,θaɪm,1,2,0.091406882,6,0.091406882
2022-9-13,451,alpha,29497,2706,0,3,13,29,32,19,4,0,0,0,0,2,1,ˈælfə,1,1,0.091738143,0,0.091738143
2022-9-12,450,booze,29147,2883,1,13,32,31,16,6,1,0.000344474,0,1,0,2,1,buz,0,3,0.09891241,1,0.09891241
2022-9-11,449,tibia,27887,2675,0,6.060606061,26.26262626,36.36363636,22.22222222,8.080808081,1.01010101,0,0,1,1,2,1,ˈtɪbjə,1,1,0.095922831,2,0.095922831
2022-9-10,448,lofty,29237,2777,0,2,12,27,30,22,7,0.000430592,0,0,1,0,0,ˈlɔfti,1,1,0.094982385,3,0.094982385
2022-9-9,447,theme,32172,2909,2,19,34,27,13,4,1,0.004736512,1,0,1,2,1,θim,1,9,0.090420241,4,0.090420241
2022-9-8,446,class,31962,3001,0,2.02020202,10.1010101,25.25252525,35.35353535,23.23232323,4.04040404,0.014123418,1,0,1,2,1,klæs,1,3,0.093892748,5,0.093892748
2022-9-7,445,leery,30992,2873,0,1.01010101,9.090909091,26.26262626,37.37373737,23.23232323,3.03030303,0,0,1,0,2,1,ˈlɪri,1,2,0.092701342,6,0.092701342
2022-9-6,444,taunt,32734,3022,1,10,23,29,24,11,2,0.000344474,0,1,0,2,1,tɔnt,1,1,0.092319912,0,0.092319912
2022-9-5,443,whoop,32733,2970,1,8,24,33,23,10,1,8.61E-05,1,1,0,2,1,wup,0,2,0.090734122,1,0.090734122
2022-9-4,442,inter,32018,2889,6.060606061,26.26262626,32.32323232,22.22222222,10.1010101,3.03030303,0,0.000172237,0,0,1,0,0,ˌɪnˈtər,1,3,0.090230495,2,0.090230495
2022-9-3,441,gully,31191,2877,0,3,16,26,24,19,12,0.000430592,0,0,1,2,1,ˈgəli,1,3,0.092238146,3,0.092238146
2022-9-2,440,charm,35724,3149,0,4.04040404,20.2020202,35.35353535,26.26262626,12.12121212,2.02020202,0.00215296,1,0,1,0,0,ʧɑrm,1,10,0.088148024,4,0.088148024
2022-9-1,439,fungi,31903,2928,0,2.97029703,24.75247525,38.61386139,23.76237624,8.910891089,0.99009901,0,0,0,1,0,0,ˈfənʤaɪ,1,4,0.091778203,5,0.091778203
2022-8-31,438,prize,35343,3166,0,2,10,30,34,20,4,0.001550131,1,0,1,0,0,praɪz,1,8,0.089579266,6,0.089579266
2022-8-30,437,onset,33660,3009,0.99009901,13.86138614,31.68316832,29.7029703,16.83168317,5.940594059,0.99009901,0.001291776,0,0,1,0,0,ˈɔnˌsɛt,1,1,0.089393939,0,0.089393939
2022-8-29,436,chief,34281,3072,0,2.02020202,16.16161616,38.38383838,29.29292929,12.12121212,2.02020202,0.007061709,1,1,0,0,0,ʧif,1,8,0.089612322,1,0.089612322
2022-8-28,435,gauze,30214,2866,0,9.183673469,26.53061224,32.65306122,21.42857143,9.183673469,1.020408163,8.61E-05,0,1,0,0,0,gɔz,1,3,0.094856689,2,0.094856689
2022-8-27,434,ruder,31241,2784,0,1.98019802,15.84158416,36.63366337,30.69306931,12.87128713,1.98019802,0,0,0,1,2,1,ˈrudər,1,1,0.089113665,3,0.089113665
2022-8-26,433,irony,34716,3046,0,6,33,38,17,5,1,0.001033421,0,0,1,0,0,ˈaɪrəni,1,2,0.087740523,4,0.087740523
2022-8-25,432,clown,36737,3175,0.980392157,9.803921569,30.39215686,33.33333333,17.64705882,6.862745098,0.980392157,0.000258355,1,0,1,0,0,klaʊn,1,2,0.08642513,5,0.08642513
2022-8-24,431,needy,33700,2927,0,4,16,29,29,18,4,0.000430592,0,1,0,2,1,ˈnidi,1,3,0.086854599,6,0.086854599
2022-8-23,430,woven,33549,2933,0,2.02020202,14.14141414,32.32323232,33.33333333,16.16161616,2.02020202,0.000602829,0,0,1,0,0,ˈwoʊvən,1,1,0.087424364,0,0.087424364
2022-8-22,429,merit,35888,3123,0,4,22,37,26,10,1,0.002325197,0,0,1,0,0,ˈmɛrət,1,2,0.087020731,1,0.087020731
2022-8-21,428,waste,35617,3186,0,8,34,35,17,5,1,0.003014144,1,0,1,0,0,weɪst,1,5,0.089451666,2,0.089451666
2022-8-20,427,treat,38245,3249,0,4,19,33,27,14,3,0.001980723,1,1,0,2,1,trit,0,3,0.084952281,3,0.084952281
2022-8-19,426,shrug,33965,2987,1,4,17,28,26,18,6,0.000172237,0,0,1,0,0,ʃrəg,1,4,0.087943471,4,0.087943471
2022-8-18,425,twang,34938,3172,0.99009901,8.910891089,27.72277228,33.66336634,19.8019802,7.920792079,0.99009901,0,1,0,1,0,0,twɑŋ,1,4,0.090789398,5,0.090789398
2022-8-17,424,twice,35815,3173,1,7,26,36,21,8,1,0.005683815,1,0,1,0,0,twaɪs,1,5,0.088594164,6,0.088594164
2022-8-16,423,gruel,35105,3087,0,5,25,37,22,9,2,0,1,1,0,0,0,gruɪl,1,2,0.087936191,0,0.087936191
2022-8-15,422,poker,35376,3180,0,5,26,35,24,9,1,0.000430592,0,0,1,0,0,ˈpoʊkər,1,3,0.089891452,1,0.089891452
2022-8-14,421,khaki,31652,2968,0,2.02020202,9.090909091,25.25252525,33.33333333,24.24242424,6.060606061,8.61E-05,0,0,1,2,1,ˈkɑki,1,3,0.093769746,2,0.093769746
2022-8-13,420,hunky,35276,3185,0,7.070707071,28.28282828,34.34343434,21.21212121,8.080808081,1.01010101,0,0,0,1,0,0,ˈhəŋki,1,2,0.090288015,3,0.090288015
2022-8-12,419,label,34198,3076,0,7.920792079,35.64356436,32.67326733,16.83168317,5.940594059,0.99009901,0.00163625,0,0,1,2,1,ˈleɪbəl,1,1,0.089946781,4,0.089946781
2022-8-11,418,glean,37301,3243,0,4.04040404,27.27272727,38.38383838,22.22222222,7.070707071,1.01010101,8.61E-05,1,1,0,0,0,glin,0,4,0.086941369,5,0.086941369
2022-8-10,417,cling,37654,3312,0,6,17,33,29,13,2,0.00051671,1,0,1,0,0,klɪŋ,1,4,0.087958783,6,0.087958783
2022-8-9,416,patty,36223,3019,0,6,28,36,21,8,1,0,0,0,1,2,1,ˈpæti,1,6,0.083344836,0,0.083344836
2022-8-8,415,unfit,35516,3187,0,6,27,34,21,10,2,8.61E-05,0,0,1,0,0,ənˈfɪt,1,2,0.089734204,1,0.089734204
2022-8-7,414,smear,36223,3190,0,5,21,32,25,14,3,0.000172237,1,1,0,0,0,smɪr,1,2,0.088065594,2,0.088065594
2022-8-6,413,alien,38841,3395,0,2,16,37,30,13,2,0.001377894,0,1,0,0,0,ˈeɪliən,1,5,0.087407636,3,0.087407636
2022-8-5,412,buggy,37350,3428,1,13,38,32,13,3,0,0.00051671,0,0,1,2,1,ˈbəgi,1,1,0.091780455,4,0.091780455
2022-8-4,411,rhyme,37229,3336,0,5.050505051,22.22222222,35.35353535,25.25252525,11.11111111,1.01010101,0.000172237,0,0,0,0,0,raɪm,1,2,0.089607564,5,0.089607564
2022-8-3,410,youth,38381,3327,0,6,28,39,20,6,1,0.006286643,0,1,0,0,0,juθ,1,1,0.086683515,6,0.086683515
2022-8-2,409,coyly,34909,3380,0,2,14,35,35,13,1,8.61E-05,0,0,1,2,1,ˈkɔɪli,1,2,0.096823169,0,0.096823169
2022-8-1,408,quart,36662,3303,0,3,20,40,28,8,1,0.000258355,0,1,0,0,0,kwɔrt,1,6,0.090093285,1,0.090093285
2022-7-31,407,cramp,39250,3369,0,6,22,35,24,11,2,0.000172237,1,0,1,0,0,kræmp,1,5,0.085834395,2,0.085834395
2022-7-30,406,bluff,37353,3171,0,6,23,33,23,12,3,0.000688947,1,0,1,2,1,bləf,1,1,0.08489278,3,0.08489278
2022-7-29,405,upset,37791,3213,0,4,25,41,22,7,1,0.001205658,0,0,1,0,0,ˈəpˌsɛt,1,3,0.085020243,4,0.085020243
2022-7-28,404,stomp,40650,3490,0,2,12,28,32,21,5,0,1,0,1,0,0,stɑmp,1,8,0.085854859,5,0.085854859
2022-7-27,403,motto,38384,3285,1,12,30,32,18,6,1,0.000344474,0,0,1,4,2,ˈmɑtoʊ,1,4,0.085582534,6,0.085582534
2022-7-26,402,cinch,39171,3507,0,3.03030303,27.27272727,38.38383838,23.23232323,7.070707071,1.01010101,0.000258355,0,0,1,2,1,sɪnʧ,1,2,0.08953052,0,0.08953052
2022-7-25,401,elope,39228,3339,2,16,34,29,14,4,1,0,0,0,1,2,1,ɪˈloʊp,1,3,0.085117773,1,0.085117773
2022-7-24,400,power,39813,3401,0,3,22,38,25,10,2,0.028074599,0,0,1,0,0,paʊər,1,2,0.085424359,2,0.085424359
2022-7-23,399,midge,36769,3111,0,7,30,38,19,5,1,0,0,0,1,0,0,mɪʤ,1,2,0.084609318,3,0.084609318
2022-7-22,398,tryst,43099,3665,0,5.940594059,22.77227723,34.65346535,25.74257426,9.900990099,0.99009901,0,1,0,0,2,1,trɪst,1,1,0.085036776,4,0.085036776
2022-7-21,397,aphid,39086,3367,0,1,9,27,36,23,4,0,0,0,1,0,0,ˈæfɪd,1,1,0.086143376,5,0.086143376
2022-7-20,396,trite,42237,3685,1,10,28,32,19,8,2,0.000172237,1,0,1,2,1,traɪt,1,9,0.08724578,6,0.08724578
2022-7-19,395,angry,39667,3358,0,4.95049505,29.7029703,37.62376238,20.79207921,5.940594059,0.99009901,0.003616973,1,0,0,0,0,ˈæŋgri,1,4,0.084654751,0,0.084654751
2022-7-18,394,flock,42574,3548,0,8,21,31,26,12,2,0.000602829,1,0,1,0,0,flɑk,1,1,0.083337248,1,0.083337248
2022-7-17,393,wacky,39611,3345,0,5,21,33,27,12,2,8.61E-05,0,0,1,0,0,ˈwæki,1,2,0.08444624,2,0.08444624
2022-7-16,392,roomy,38769,3280,0,4.04040404,22.22222222,41.41414141,24.24242424,7.070707071,1.01010101,8.61E-05,0,1,0,2,1,ˈrumi,1,4,0.084603678,3,0.084603678
2022-7-15,391,wedge,39234,3353,0,5.940594059,22.77227723,34.65346535,23.76237624,10.89108911,1.98019802,0.000344474,0,0,1,2,1,wɛʤ,1,2,0.085461589,4,0.085461589
2022-7-14,390,liver,40549,3388,0,2.97029703,18.81188119,38.61386139,28.71287129,9.900990099,0.99009901,0.001377894,0,0,1,0,0,ˈlɪvər,1,5,0.083553232,5,0.083553232
2022-7-13,389,bland,46246,3727,0,9.090909091,37.37373737,34.34343434,13.13131313,5.050505051,1.01010101,0.000258355,1,0,1,0,0,blænd,1,7,0.080590754,6,0.080590754
2022-7-12,388,night,46910,3870,0,6.060606061,24.24242424,35.35353535,24.24242424,9.090909091,1.01010101,0.034275124,0,0,1,0,0,naɪt,1,2,0.082498401,0,0.082498401
2022-7-11,387,madam,40545,3430,0,2,16,31,31,17,3,8.61E-05,0,0,1,4,2,ˈmædəm,1,1,0.084597361,1,0.084597361
2022-7-10,386,berth,41785,3494,0,1.01010101,5.050505051,22.22222222,33.33333333,28.28282828,10.1010101,0.000258355,0,0,1,0,0,bərθ,1,4,0.083618523,2,0.083618523
2022-7-9,385,stead,47094,3933,0,1.01010101,12.12121212,28.28282828,28.28282828,21.21212121,9.090909091,0.000344474,1,1,0,0,0,stɛd,1,11,0.083513823,3,0.083513823
2022-7-8,384,voice,42806,3484,0,5,25,41,22,6,1,0.018946049,0,1,0,0,0,vɔɪs,1,3,0.081390459,4,0.081390459
2022-7-7,383,agape,43407,3671,0,3,14,33,33,15,2,0,0,0,1,2,1,əˈgeɪp,1,4,0.084571613,5,0.084571613
2022-7-6,382,fluff,47344,4049,0,2.02020202,17.17171717,38.38383838,29.29292929,12.12121212,1.01010101,8.61E-05,1,0,1,3,1,fləf,1,1,0.085522981,6,0.085522981
2022-7-5,381,field,44578,3604,0,2.02020202,13.13131313,27.27272727,29.29292929,21.21212121,7.070707071,0.020926772,0,1,0,0,0,fild,0,3,0.080847055,0,0.080847055
2022-7-4,380,sever,42645,3591,0.99009901,5.940594059,24.75247525,35.64356436,22.77227723,8.910891089,0.99009901,0.000258355,0,0,1,2,1,ˈsɛvər,1,2,0.084206824,1,0.084206824
2022-7-3,379,lilac,40486,3461,0,0,4,25,44,23,4,8.61E-05,0,0,1,2,1,ˈlaɪˌlæk,1,1,0.085486341,2,0.085486341
2022-7-2,378,egret,41765,3515,0,1.98019802,17.82178218,35.64356436,26.73267327,14.85148515,2.97029703,0,1,0,1,2,1,ˈɛgrət,1,1,0.084161379,3,0.084161379
2022-7-1,377,pinto,47248,3792,1,5,24,35,25,9,1,8.61E-05,0,0,1,0,0,ˈpɪnˌtoʊ,1,4,0.080257365,4,0.080257365
2022-6-30,376,hutch,44212,3758,0.99009901,5.940594059,19.8019802,26.73267327,27.72277228,15.84158416,2.97029703,0,0,0,1,2,1,həʧ,1,1,0.084999548,5,0.084999548
2022-6-29,375,gawky,45645,3957,0,7,24,35,24,9,1,8.61E-05,0,0,1,0,0,ˈgɔki,1,2,0.086690766,6,0.086690766
2022-6-28,374,droll,47312,3844,0,2.97029703,12.87128713,34.65346535,33.66336634,13.86138614,1.98019802,0,1,0,1,2,1,droʊl,1,2,0.081247886,0,0.081247886
2022-6-27,373,retro,47986,3848,1,8,27,27,17,13,7,0,1,0,1,2,1,ˈrɛtroʊ,1,1,0.080190055,1,0.080190055
2022-6-26,372,rusty,50450,3954,0,7.142857143,31.63265306,38.7755102,18.36734694,4.081632653,0,0.000602829,1,0,1,0,0,ˈrəsti,1,4,0.078374628,2,0.078374628
2022-6-25,371,beady,46089,3670,0,4.04040404,16.16161616,26.26262626,25.25252525,20.2020202,8.080808081,8.61E-05,0,1,0,0,0,ˈbidi,1,6,0.079628545,3,0.079628545
2022-6-24,370,smite,50617,3991,0,1.98019802,10.89108911,31.68316832,36.63366337,16.83168317,1.98019802,0,1,0,1,0,0,smite*,0,4,0.078847028,4,0.078847028
2022-6-23,369,brink,53111,4118,0,2,17,41,28,10,2,0.000258355,1,0,1,0,0,brɪŋk,1,7,0.077535727,5,0.077535727
2022-6-22,368,awful,47645,3861,0,3.03030303,18.18181818,39.39393939,27.27272727,10.1010101,2.02020202,0.001464013,0,0,1,0,0,ˈɔfəl,1,1,0.081036835,6,0.081036835
2022-6-21,367,gloat,53342,4194,0,4,22,37,27,9,1,0,1,1,0,0,0,gloʊt,1,5,0.078624723,0,0.078624723
2022-6-20,366,input,50484,3950,0,5.050505051,27.27272727,38.38383838,21.21212121,7.070707071,1.01010101,0.001722368,0,0,1,0,0,ˈɪnˌpʊt,1,1,0.078242612,1,0.078242612
2022-6-19,365,loser,55359,4399,0,4,14,22,22,23,15,8.61E-05,0,0,1,0,0,ˈluzər,1,2,0.079463141,2,0.079463141
2022-6-18,364,cacao,47205,4101,0,6,24,36,23,9,2,8.61E-05,0,1,1,4,2,kəˈkeɪoʊ,1,2,0.08687639,3,0.08687639
2022-6-17,363,blown,54665,4251,0,3,26,41,23,6,1,0.000775066,1,0,1,0,0,bloʊn,1,2,0.077764566,4,0.077764566
2022-6-16,362,apron,53430,4112,0,2.02020202,18.18181818,39.39393939,28.28282828,10.1010101,2.02020202,0.000602829,1,0,1,0,0,ˈeɪprən,1,1,0.076960509,5,0.076960509
2022-6-15,361,primo,55989,4391,2.02020202,6.060606061,19.19191919,29.29292929,24.24242424,15.15151515,4.04040404,0,1,0,1,0,0,ˈpriˌmoʊ,1,7,0.078426119,6,0.078426119
2022-6-14,360,atone,59968,4762,0,4.04040404,22.22222222,32.32323232,26.26262626,13.13131313,2.02020202,8.61E-05,0,0,1,0,0,əˈtoʊn,1,3,0.079409018,0,0.079409018
2022-6-13,359,donor,53802,4142,0,1.98019802,14.85148515,23.76237624,21.78217822,24.75247525,12.87128713,0.000430592,0,0,1,2,1,ˈdoʊnər,1,1,0.076985986,1,0.076985986
2022-6-12,358,float,56684,4323,0,1.01010101,11.11111111,36.36363636,36.36363636,14.14141414,1.01010101,0.000258355,1,1,0,0,0,floʊt,1,4,0.076264907,2,0.076264907
2022-6-11,357,goose,51958,4087,0,7.070707071,26.26262626,32.32323232,21.21212121,11.11111111,2.02020202,0.000172237,0,1,0,2,1,gus,0,4,0.078659687,3,0.078659687
2022-6-10,356,piety,55376,4324,0,5,30,38,20,6,1,0.000344474,0,1,0,0,0,ˈpaɪəti,1,1,0.078084369,4,0.078084369
2022-6-9,355,girth,60020,4665,0,2,14,42,31,10,1,8.61E-05,0,0,1,0,0,gərθ,1,3,0.077724092,5,0.077724092
2022-6-8,354,trait,61026,4607,1.01010101,8.080808081,26.26262626,33.33333333,19.19191919,10.1010101,2.02020202,0.000258355,1,1,0,2,1,treɪt,1,8,0.075492413,6,0.075492413
2022-6-7,353,flood,58991,4440,0,5,20,33,27,13,2,0.001464013,1,1,0,2,1,fləd,1,3,0.075265718,0,0.075265718
2022-6-6,352,gloom,58478,4548,0,0,4.04040404,17.17171717,28.28282828,35.35353535,15.15151515,0.001119539,1,1,0,2,1,glum,0,3,0.077772838,1,0.077772838
2022-6-5,351,depth,56738,4329,0.99009901,4.95049505,16.83168317,30.69306931,28.71287129,14.85148515,2.97029703,0.004564275,0,0,1,0,0,dɛpθ,1,3,0.076298072,2,0.076298072
2022-6-4,350,froth,58263,4432,0,4.04040404,22.22222222,39.39393939,25.25252525,8.080808081,1.01010101,8.61E-05,1,0,1,0,0,frɔθ,1,6,0.07606886,3,0.07606886
2022-6-3,349,peach,65431,4957,0,1,9,29,34,22,5,0.000172237,0,1,0,0,0,piʧ,1,3,0.075759197,4,0.075759197
2022-6-2,348,showy,61278,4770,3.03030303,17.17171717,31.31313131,29.29292929,15.15151515,4.04040404,0,8.61E-05,1,0,1,0,0,ʃoʊi,1,3,0.077841966,5,0.077841966
2022-6-1,347,creak,63241,4797,0,2,16,39,29,12,2,8.61E-05,1,1,0,0,0,krik,0,6,0.075852691,6,0.075852691
2022-5-31,346,manor,62768,4802,0,3,24,38,25,9,1,0.000258355,0,0,1,0,0,ˈmænər,1,5,0.076503951,0,0.076503951
2022-5-30,345,atoll,60969,4741,0,2.02020202,16.16161616,39.39393939,29.29292929,12.12121212,1.01010101,0,0,0,1,2,1,ˈæˌtɔl,1,1,0.077760829,1,0.077760829
2022-5-29,344,bayou,56839,4435,0,4,20,34,27,13,2,0,0,1,1,0,0,baɪu,1,2,0.078027411,2,0.078027411
2022-5-28,343,crept,60069,4562,0,6.060606061,23.23232323,37.37373737,24.24242424,8.080808081,1.01010101,0.000947302,1,0,1,0,0,krɛpt,1,7,0.075945995,3,0.075945995
2022-5-27,342,tiara,63846,4842,0,4,18,32,29,15,2,0,0,1,0,2,1,tiˈɑrə,1,1,0.075838737,4,0.075838737
2022-5-26,341,asset,63188,4733,0,1.01010101,11.11111111,33.33333333,25.25252525,22.22222222,7.070707071,0.000430592,0,0,1,2,1,ˈæˌsɛt,1,1,0.074903463,5,0.074903463
2022-5-25,340,vouch,62723,4835,0,2,17,33,28,16,4,0,0,1,0,0,0,vaʊʧ,1,1,0.077084961,6,0.077084961
2022-5-24,339,album,63380,4809,0,4,17,30,27,17,5,0.00051671,0,0,1,0,0,ˈælbəm,1,2,0.075875671,0,0.075875671
2022-5-23,338,hinge,66431,4906,0,3,19,39,29,9,1,8.61E-05,0,0,1,0,0,hɪnʤ,1,1,0.073851064,1,0.073851064
2022-5-22,337,money,67909,4928,0.99009901,5.940594059,27.72277228,37.62376238,20.79207921,5.940594059,0.99009901,0.022304666,0,0,1,0,0,ˈməni,1,6,0.072567701,2,0.072567701
2022-5-21,336,scrap,66814,4973,0,2.97029703,21.78217822,42.57425743,24.75247525,6.930693069,0.99009901,0.000688947,1,0,1,0,0,skræp,1,11,0.074430509,3,0.074430509
2022-5-20,335,gamer,69884,5238,0,4,23,36,26,10,1,0,0,0,1,0,0,ˈgeɪmər,1,0,0.074952779,4,0.074952779
2022-5-19,334,glass,70920,5162,0.99009901,21.78217822,31.68316832,25.74257426,13.86138614,4.95049505,0.99009901,0.008267367,1,0,1,2,1,glæs,1,3,0.072786238,5,0.072786238
2022-5-18,333,scour,73933,5544,1,7,19,27,24,17,5,8.61E-05,1,1,0,0,0,skaʊər,1,6,0.074986812,6,0.074986812
2022-5-17,332,being,70722,5142,0,7.070707071,33.33333333,37.37373737,17.17171717,5.050505051,0,0.059507816,0,1,0,0,0,biɪŋ,1,2,0.07270722,0,0.07270722
2022-5-16,331,delve,68349,5179,0,2.02020202,13.13131313,32.32323232,32.32323232,17.17171717,3.03030303,0,0,0,1,2,1,dɛlv,1,1,0.075772872,1,0.075772872
2022-5-15,330,yield,67115,4963,0,2,21,41,26,9,1,0.003014144,0,1,0,0,0,jild,0,1,0.073947702,2,0.073947702
2022-5-14,329,metal,73225,5290,0.99009901,7.920792079,28.71287129,35.64356436,19.8019802,5.940594059,0.99009901,0.004994867,0,0,1,0,0,ˈmɛtəl,1,5,0.072243086,3,0.072243086
2022-5-13,328,tipsy,77585,5522,0,6.060606061,29.29292929,34.34343434,21.21212121,8.080808081,1.01010101,0.000172237,0,0,1,0,0,ˈtɪpsi,1,2,0.071173552,4,0.071173552
2022-5-12,327,slung,75673,5419,0,2,16,33,29,16,4,0.000172237,1,0,1,0,0,sləŋ,1,3,0.071610746,5,0.071610746
2022-5-11,326,farce,79446,5688,0,1.98019802,10.89108911,23.76237624,30.69306931,24.75247525,7.920792079,0.000258355,0,0,1,0,0,fɑrs,1,5,0.071595801,6,0.071595801
2022-5-10,325,gecko,74412,5489,1,6,32,38,18,5,0,0,0,0,1,0,0,ˈgɛkoʊ,1,1,0.073764984,0,0.073764984
2022-5-9,324,shine,88932,6146,0,3.96039604,28.71287129,39.6039604,20.79207921,5.940594059,0.99009901,0.000344474,1,0,1,0,0,ʃaɪn,1,11,0.069108982,1,0.069108982
2022-5-8,323,canny,72518,5256,0,5,12,20,32,26,5,0.000172237,0,0,1,2,1,ˈkæni,1,6,0.072478557,2,0.072478557
2022-5-7,322,midst,74458,5233,0,2.02020202,18.18181818,41.41414141,28.28282828,9.090909091,1.01010101,0.00163625,0,0,1,0,0,mɪst,1,1,0.070281232,3,0.070281232
2022-5-6,321,badge,76292,5482,0.99009901,11.88118812,31.68316832,33.66336634,15.84158416,4.95049505,0.99009901,0.000430592,0,0,1,0,0,bæʤ,1,1,0.071855503,4,0.071855503
2022-5-5,320,homer,85979,6313,0,1,9,27,31,25,7,0.000775066,0,0,1,0,0,ˈhoʊmər,1,2,0.073424906,5,0.073424906
2022-5-4,319,train,107750,7243,0,6.060606061,25.25252525,36.36363636,23.23232323,8.080808081,1.01010101,0.006631117,1,1,0,0,0,treɪn,1,9,0.067220418,6,0.067220418
2022-5-3,318,hairy,85817,5941,0,0.99009901,15.84158416,46.53465347,28.71287129,6.930693069,0.99009901,0.000430592,0,1,0,0,0,ˈhɛri,1,3,0.069228708,0,0.069228708
2022-5-2,317,story,95643,6530,0,4,19,27,21,16,13,0.012745524,1,0,1,0,0,ˈstɔri,1,10,0.06827473,1,0.06827473
2022-5-1,316,forgo,77658,5699,0,3.03030303,17.17171717,37.37373737,28.28282828,12.12121212,2.02020202,8.61E-05,0,0,1,2,1,fɔrˈgoʊ,1,3,0.073385871,2,0.073385871
2022-4-30,315,larva,77991,5749,0,4.04040404,21.21212121,32.32323232,22.22222222,13.13131313,7.070707071,0,0,0,1,2,1,ˈlɑrvə,1,2,0.073713634,3,0.073713634
2022-4-29,314,tash,106652,7001,0,8.080808081,29.29292929,40.4040404,18.18181818,4.04040404,0,0,0,0,1,0,0,tæʃ,1,2,0.065643401,4,0.065643401
2022-4-28,313,zesty,88974,6315,0,4,19,34,27,13,3,0,1,0,1,0,0,zesty*,0,1,0.070975791,5,0.070975791
2022-4-27,312,shown,98967,6564,0,1.01010101,14.14141414,40.4040404,30.3030303,12.12121212,2.02020202,0.014295655,1,0,1,0,0,ʃoʊn,1,4,0.066325139,6,0.066325139
2022-4-26,311,heist,103153,6830,0,1,7,27,38,23,4,0,0,1,0,0,0,haɪst,1,0,0.066212325,0,0.066212325
2022-4-25,310,askew,91548,6549,0,3,19,40,28,9,1,8.61E-05,1,0,1,0,0,əˈskju,1,2,0.071536243,1,0.071536243
2022-4-24,309,inert,97452,6743,1.01010101,5.050505051,24.24242424,41.41414141,23.23232323,5.050505051,0,0.000430592,0,0,1,0,0,ˌɪˈnərt,1,3,0.069193039,2,0.069193039
2022-4-23,308,olive,95562,6482,1.01010101,12.12121212,32.32323232,34.34343434,16.16161616,4.04040404,0,0.000344474,0,0,1,0,0,ˈɑlɪv,1,2,0.067830309,3,0.067830309
2022-4-22,307,plant,119232,7731,0,0,4,11,15,22,48,0.010506445,1,0,1,0,0,plænt,1,11,0.064839976,4,0.064839976
2022-4-21,306,oxide,97955,6960,0,11.11111111,37.37373737,36.36363636,12.12121212,3.03030303,0,0.000258355,0,0,1,0,0,ˈɑkˌsaɪd,1,2,0.071053035,5,0.071053035
2022-4-20,305,cargo,102007,6796,1.01010101,9.090909091,36.36363636,35.35353535,14.14141414,4.04040404,0,0.00051671,0,0,1,0,0,ˈkɑrˌgoʊ,1,8,0.066622879,6,0.066622879
2022-4-19,304,foyer,108899,8198,0,5,24,25,18,17,11,0.000258355,0,0,1,0,0,fɔɪər,1,1,0.075280765,0,0.075280765
2022-4-18,303,flair,112383,7341,0,6,20,33,27,12,2,0.000688947,1,1,0,0,0,flɛr,1,4,0.065321267,1,0.065321267
2022-4-17,302,ample,106681,7008,0,5,30,35,21,8,1,0.001377894,1,0,0,0,0,ˈæmpəl,1,5,0.065691173,2,0.065691173
2022-4-16,301,cheek,107987,7035,1,14,35,29,15,5,1,0.001722368,1,1,0,2,1,ʧik,1,8,0.065146731,3,0.065146731
2022-4-15,300,shame,129991,8522,0,6.060606061,30.3030303,39.39393939,19.19191919,5.050505051,0,0.001808486,1,0,1,0,0,ʃeɪm,1,13,0.065558385,4,0.065558385
2022-4-14,299,mince,113448,7356,1.01010101,14.14141414,29.29292929,28.28282828,16.16161616,8.080808081,3.03030303,8.61E-05,0,0,1,0,0,mɪns,1,4,0.064840279,5,0.064840279
2022-4-13,298,chunk,123255,7835,0,10,25,34,22,8,1,0.000172237,1,0,1,0,0,ʧəŋk,1,3,0.063567401,6,0.063567401
2022-4-12,297,royal,114907,7275,0,5.102040816,23.46938776,38.7755102,24.48979592,7.142857143,1.020408163,0.002239078,0,0,1,0,0,rɔɪəl,1,1,0.06331207,0,0.06331207
2022-4-11,296,squad,109828,7236,0,2.02020202,18.18181818,38.38383838,28.28282828,11.11111111,2.02020202,0.001377894,0,1,0,0,0,skwɑd,1,6,0.065884838,1,0.065884838
2022-4-10,295,black,126241,7894,0,3.06122449,21.42857143,38.7755102,26.53061224,9.183673469,1.020408163,0.013434471,1,0,1,0,0,blæk,1,5,0.06253119,2,0.06253119
2022-4-9,294,stair,134210,8537,0,4,23,36,24,11,2,0.000172237,1,1,0,0,0,stɛr,1,11,0.063609269,3,0.063609269
2022-4-8,293,scare,141158,9010,0,7.920792079,30.69306931,34.65346535,19.8019802,5.940594059,0.99009901,0.000258355,1,0,1,0,0,skɛr,1,12,0.063829184,4,0.063829184
2022-4-7,292,foray,117761,7575,0,4.081632653,16.32653061,34.69387755,31.63265306,12.24489796,1.020408163,8.61E-05,0,0,1,0,0,ˈfɔreɪ,1,6,0.064325201,5,0.064325201
2022-4-6,291,comma,117856,7560,0,6,28,40,20,5,1,0.000172237,0,0,1,2,1,ˈkɑmə,1,2,0.064146077,6,0.064146077
2022-4-5,290,natal,121356,7702,0.980392157,9.803921569,29.41176471,32.35294118,17.64705882,7.843137255,1.960784314,0.000172237,0,0,1,2,1,ˈneɪtəl,1,2,0.063466166,0,0.063466166
2022-4-4,289,shawl,129651,7943,0,3.03030303,17.17171717,35.35353535,28.28282828,13.13131313,3.03030303,0.000258355,1,0,1,0,0,ʃɔl,1,8,0.061264472,1,0.061264472
2022-4-3,288,fewer,124532,7931,0,9,30,35,19,6,1,0.002841907,0,0,1,2,1,fjuər,1,0,0.063686442,2,0.063686442
2022-4-2,287,trope,155079,9315,1.01010101,10.1010101,38.38383838,34.34343434,13.13131313,3.03030303,0,0,1,0,1,0,0,trope*,0,7,0.06006616,3,0.06006616
2022-4-1,286,snout,144648,8913,0,2,11,23,29,24,11,8.61E-05,1,1,0,0,0,snaʊt,1,3,0.06161855,4,0.06161855
2022-3-31,285,lowly,135219,8469,0,2.02020202,15.15151515,35.35353535,31.31313131,14.14141414,2.02020202,8.61E-05,0,0,1,2,1,ˈloʊli,1,1,0.062631731,5,0.062631731
2022-3-30,284,stove,158139,9318,0,2,13,32,32,17,4,0.001291776,1,0,1,0,0,stoʊv,1,9,0.058922846,6,0.058922846
2022-3-29,283,shall,149070,8494,0,3,12,29,33,20,3,0.021874074,1,0,1,2,1,ʃæl,1,6,0.056979942,0,0.056979942
2022-3-28,282,found,173696,10613,0,4,28,38,21,8,1,0.046159464,0,1,0,0,0,faʊnd,1,2,0.061101004,1,0.061101004
2022-3-27,281,nymph,165468,9935,0,2,13,25,28,21,11,8.61E-05,0,0,0,0,0,nɪmf,1,1,0.060041821,2,0.060041821
2022-3-26,280,epoxy,149507,9376,0,4.95049505,22.77227723,34.65346535,24.75247525,10.89108911,1.98019802,0.000172237,0,0,1,0,0,ɪˈpɑksi,1,0,0.062712783,3,0.062712783
2022-3-25,279,depot,150197,8562,0,3,23,44,24,6,0,0.000258355,0,0,1,0,0,ˈdipoʊ,1,3,0.057005133,4,0.057005133
2022-3-24,278,chest,169066,9318,0,7.070707071,18.18181818,20.2020202,15.15151515,16.16161616,23.23232323,0.004564275,1,0,1,0,0,ʧɛst,1,7,0.055114571,5,0.055114571
2022-3-23,277,purge,156785,8555,1,8,29,36,19,6,1,0.000172237,0,0,1,0,0,pərʤ,1,7,0.054565169,6,0.054565169
2022-3-22,276,slosh,160161,8807,0.99009901,11.88118812,33.66336634,31.68316832,15.84158416,4.95049505,0.99009901,0,1,0,1,2,1,slɑʃ,1,4,0.054988418,0,0.054988418
2022-3-21,275,their,173636,9200,0,5.050505051,24.24242424,38.38383838,23.23232323,8.080808081,1.01010101,0.220635347,1,1,0,0,0,ðɛr,1,5,0.052984404,1,0.052984404
2022-3-20,274,renew,154987,8417,0,3,23,39,24,9,2,0.000344474,0,0,1,2,1,rɪˈnu,1,5,0.054307781,2,0.054307781
2022-3-19,273,allow,156311,8515,0,5.050505051,29.29292929,40.4040404,20.2020202,5.050505051,0,0.006028288,0,0,1,2,1,əˈlaʊ,1,3,0.054474733,3,0.054474733
2022-3-18,272,saute,179830,9304,0,4,18,30,28,17,3,8.61E-05,0,1,0,0,0,sɔˈteɪ,1,5,0.051737752,4,0.051737752
2022-3-17,271,movie,169071,8847,0,6.930693069,31.68316832,35.64356436,18.81188119,5.940594059,0.99009901,0.002497434,0,1,1,0,0,ˈmuvi,1,2,0.052327129,5,0.052327129
2022-3-16,270,cater,217856,11234,0,0.99009901,3.96039604,13.86138614,26.73267327,36.63366337,17.82178218,0.000258355,0,0,1,0,0,ˈkeɪtər,1,1,0.051566172,6,0.051566172
2022-3-15,269,tease,202855,10024,0,7,27,35,22,8,1,0.00051671,0,1,0,2,1,tiz,0,6,0.049414606,0,0.049414606
2022-3-14,268,smelt,185406,9373,0,2,13,35,32,15,3,0.000258355,1,0,1,0,0,smɛlt,1,4,0.05055392,1,0.05055392
2022-3-13,267,focus,179436,8937,0,6,28,37,21,7,1,0.003444736,0,0,1,0,0,ˈfoʊkɪs,1,1,0.049806059,2,0.049806059
2022-3-12,266,today,192049,9353,0,4,22,35,24,12,3,0.021185127,0,0,1,0,0,təˈdeɪ,1,3,0.048701113,3,0.048701113
2022-3-11,265,watch,226349,12400,0,7,28,36,21,7,1,0.006544999,0,0,1,0,0,wɔʧ,1,2,0.054782659,4,0.054782659
2022-3-10,264,lapse,208884,9960,0,3,15,32,32,16,2,0.00051671,0,0,1,0,0,læps,1,3,0.047681967,5,0.047681967
2022-3-9,263,month,201799,9435,0,2.02020202,11.11111111,29.29292929,35.35353535,19.19191919,3.03030303,0.011195392,0,0,1,0,0,mənθ,1,3,0.046754444,6,0.046754444
2022-3-8,262,sweet,207473,9767,0,2.97029703,25.74257426,40.59405941,22.77227723,6.930693069,0.99009901,0.005856051,1,1,0,2,1,swit,0,7,0.047076005,0,0.047076005
2022-3-7,261,hoard,218595,9823,0,0.99009901,13.86138614,36.63366337,32.67326733,13.86138614,1.98019802,0,0,1,0,0,0,hɔrd,1,2,0.044936984,1,0.044936984
2022-3-6,260,cloth,218595,9911,0,5.882352941,29.41176471,38.23529412,19.60784314,5.882352941,0.980392157,0.003616973,1,0,1,0,0,klɔθ,1,7,0.045339555,2,0.045339555
2022-3-5,259,brine,229895,10405,1,18,31,30,15,4,1,0,1,0,1,0,0,braɪn,1,8,0.045259793,3,0.045259793
2022-3-4,258,ahead,203730,9396,0,5,34,43,15,3,0,0.009128551,0,1,0,2,1,əˈhɛd,1,2,0.046119865,4,0.046119865
2022-3-3,257,mourn,240018,10465,5.050505051,14.14141414,31.31313131,29.29292929,15.15151515,4.04040404,1.01010101,0.000172237,0,1,0,0,0,mɔrn,1,3,0.043600897,5,0.043600897
2022-3-2,256,nasty,257304,10813,1.98019802,18.81188119,29.7029703,26.73267327,14.85148515,5.940594059,1.98019802,0.000430592,1,0,1,0,0,ˈnæsti,1,1,0.04202422,6,0.04202422
2022-3-1,255,rupee,240137,10577,0,6.060606061,26.26262626,36.36363636,23.23232323,7.070707071,1.01010101,0.00051671,0,1,1,2,1,ruˈpi,1,2,0.044045691,0,0.044045691
2022-2-28,254,choke,251094,10521,0,4.04040404,24.24242424,37.37373737,24.24242424,9.090909091,1.01010101,0.000775066,1,0,1,0,0,ʧoʊk,1,7,0.041900643,1,0.041900643
2022-2-27,253,chant,250413,10438,0.99009901,15.84158416,37.62376238,30.69306931,10.89108911,2.97029703,0.99009901,0.000172237,1,0,1,0,0,ʧænt,1,9,0.041683139,2,0.041683139
2022-2-26,252,spill,248363,10087,1,11,31,33,18,5,1,8.61E-05,1,0,1,2,1,spɪl,1,4,0.04061394,3,0.04061394
2022-2-25,251,vivid,255907,11687,0,5,25,38,23,8,1,0.00215296,0,0,1,4,2,ˈvɪvɪd,1,1,0.045668934,4,0.045668934
2022-2-24,250,bloke,250674,10405,0,4.04040404,22.22222222,38.38383838,25.25252525,9.090909091,1.01010101,8.61E-05,1,0,1,0,0,bloʊk,1,3,0.041508094,5,0.041508094
2022-2-23,249,trove,277576,11411,0,8,25,30,21,13,3,0,1,0,1,0,0,troʊv,1,6,0.041109462,6,0.041109462
2022-2-22,248,thorn,306356,11814,1.01010101,6.060606061,26.26262626,36.36363636,21.21212121,8.080808081,1.01010101,0.000258355,1,0,1,0,0,θɔrn,1,7,0.038562979,0,0.038562979
2022-2-21,247,other,278731,10887,0,5,21,31,24,15,4,0.140114641,1,0,1,0,0,ˈəðər,1,3,0.039059165,1,0.039059165
2022-2-20,246,tacit,273306,11094,0,5,16,23,24,22,10,0.000172237,0,0,1,2,1,ˈtæsɪt,1,1,0.040591864,2,0.040591864
2022-2-19,245,swill,282327,11241,0,14,35,33,14,4,0,0,1,0,1,2,1,swɪl,1,3,0.039815533,3,0.039815533
2022-2-18,244,dodge,265238,10220,0,2,23,49,20,5,1,0.00051671,0,0,1,2,1,dɑʤ,1,2,0.038531432,4,0.038531432
2022-2-17,243,shake,342003,12767,0,7,26,35,22,9,1,0.001377894,1,0,1,0,0,ʃeɪk,1,16,0.037330082,5,0.037330082
2022-2-16,242,caulk,289721,10740,0.99009901,5.940594059,16.83168317,26.73267327,26.73267327,17.82178218,4.95049505,0,0,1,0,0,0,kɔk,1,1,0.037070147,6,0.037070147
2022-2-15,241,aroma,287836,10343,0,5,19,33,27,13,3,0.000258355,0,0,1,2,1,ərˈoʊmə,1,2,0.035933657,0,0.035933657
2022-2-14,240,cynic,261521,10343,1,10,26,32,21,9,1,0,0,0,1,2,1,ˈsɪnɪk,1,1,0.039549405,1,0.039549405
2022-2-13,239,robin,277471,3249,1,12,32,30,18,6,1,8.61E-05,0,0,1,0,0,ˈrɑbɪn,1,1,0.011709332,2,0.011709332
2022-2-12,238,ultra,269885,9310,4.95049505,12.87128713,24.75247525,26.73267327,18.81188119,9.900990099,1.98019802,0,1,0,0,0,0,ˈəltrə,1,1,0.034496174,3,0.034496174
2022-2-11,237,ulcer,278826,10631,0,8,28,40,18,5,1,0.000430592,0,0,1,0,0,ˈəlsər,1,1,0.038127721,4,0.038127721
2022-2-10,236,pause,304830,13480,1,17,36,31,12,3,0,0.001808486,0,1,0,0,0,pɔz,1,1,0.044221369,5,0.044221369
2022-2-9,235,humor,305372,13846,0,6.060606061,28.28282828,39.39393939,19.19191919,6.060606061,1.01010101,0.003961447,0,0,1,0,0,ˈhjumər,1,2,0.04534142,6,0.04534142
2022-2-8,234,frame,336236,15369,0,10.1010101,38.38383838,35.35353535,13.13131313,3.03030303,0,0.006286643,1,0,1,0,0,freɪm,1,4,0.045708966,0,0.045708966
2022-2-7,233,elder,288228,13340,0,2.97029703,18.81188119,34.65346535,28.71287129,12.87128713,1.98019802,0.000775066,0,0,1,2,1,ˈɛldər,1,1,0.046282804,1,0.046282804
2022-2-6,232,skill,311018,13716,0,2,11,35,36,14,2,0.003444736,1,0,1,2,1,skɪl,1,2,0.044100341,3,0.044100341
2022-2-5,231,aloft,319698,13708,0,6.060606061,30.3030303,33.33333333,19.19191919,9.090909091,2.02020202,0.000258355,0,0,1,0,0,əˈlɔft,1,2,0.042877966,4,0.042877966
2022-2-4,230,pleat,359679,14813,0,4.04040404,35.35353535,36.36363636,17.17171717,6.060606061,1.01010101,0,1,1,0,0,0,plit,0,2,0.041183945,5,0.041183945
2022-2-3,229,shard,358176,14609,1.98019802,16.83168317,31.68316832,28.71287129,14.85148515,4.95049505,0.99009901,0,1,0,1,0,0,ʃɑrd,1,9,0.040787211,6,0.040787211
2022-2-2,228,moist,361908,14205,0,2,10,25,36,23,4,0.000947302,0,1,0,0,0,mɔɪst,1,3,0.039250307,0,0.039250307
2022-2-1,227,those,351663,13606,0,6,22,33,24,12,3,0.067344591,1,0,1,0,0,ðoʊz,1,5,0.038690451,1,0.038690451
2022-1-31,226,light,341314,13347,0,6,29,34,21,8,2,0.027557889,0,0,1,0,0,laɪt,1,2,0.039104754,2,0.039104754
2022-1-30,225,wrung,294687,11524,0,3.06122449,19.3877551,33.67346939,26.53061224,14.28571429,3.06122449,0,1,0,1,0,0,rəŋ,1,1,0.039105899,3,0.039105899
2022-1-29,224,could,313220,11592,0,10.20408163,36.73469388,35.71428571,14.28571429,3.06122449,0,0.136067076,0,1,0,0,0,kʊd,1,2,0.037009131,4,0.037009131
2022-1-28,223,perky,296968,11148,0,3,18,43,27,8,1,0.000172237,0,0,1,0,0,ˈpərki,1,3,0.037539398,5,0.037539398
2022-1-27,222,mount,331844,11451,1,7,24,32,24,11,1,0.000861184,0,1,0,0,0,maʊnt,1,5,0.034507178,6,0.034507178
2022-1-26,221,whack,302348,10163,0,4.95049505,27.72277228,37.62376238,21.78217822,6.930693069,0.99009901,8.61E-05,1,0,1,0,0,wæk,1,3,0.033613584,0,0.033613584
2022-1-25,220,sugar,276404,8708,0,6.060606061,31.31313131,38.38383838,19.19191919,5.050505051,0,0.002841907,0,0,1,0,0,ˈʃʊgər,1,3,0.031504609,1,0.031504609
2022-1-24,219,knoll,258038,8317,0,3,20,39,27,10,1,8.61E-05,0,0,1,2,1,noʊl,1,1,0.032231687,2,0.032231687
2022-1-23,218,crimp,269929,7630,0,7,27,35,22,8,1,0,1,0,1,0,0,krɪmp,1,4,0.028266692,3,0.028266692
2022-1-22,217,wince,241489,6850,0,6,24,32,24,11,3,0,0,0,1,0,0,wɪns,1,5,0.028365681,4,0.028365681
2022-1-21,216,prick,273727,7409,0,7,39,38,13,3,0,8.61E-05,1,0,1,0,0,prɪk,1,5,0.027067114,5,0.027067114
2022-1-20,215,robot,243964,6589,0,8,28,30,20,11,3,8.61E-05,0,0,1,2,1,ˈroʊˌbət,1,1,0.027008083,6,0.027008083
2022-1-19,214,point,280622,7094,6.060606061,14.14141414,33.33333333,27.27272727,13.13131313,5.050505051,1.01010101,0.032294401,0,1,0,0,0,pɔɪnt,1,3,0.025279558,0,0.025279558
2022-1-18,213,proxy,220950,6206,0.99009901,9.900990099,46.53465347,31.68316832,8.910891089,1.98019802,0,0.000602829,1,0,1,0,0,ˈprɑksi,1,2,0.028087803,1,0.028087803
2022-1-17,212,shire,222197,5640,0,5.102040816,32.65306122,40.81632653,17.34693878,4.081632653,0,0,1,0,1,0,0,ʃaɪr,1,14,0.025382881,2,0.025382881
2022-1-16,211,solar,209609,4955,0,1.01010101,13.13131313,34.34343434,34.34343434,15.15151515,2.02020202,0.001119539,0,0,1,0,0,ˈsoʊlər,1,5,0.023639252,3,0.023639252
2022-1-15,210,panic,205880,4655,0,6.930693069,25.74257426,34.65346535,19.8019802,9.900990099,2.97029703,0.001894605,0,0,1,0,0,ˈpænɪk,1,2,0.022610258,4,0.022610258
2022-1-14,209,tangy,169484,3985,1.98019802,10.89108911,33.66336634,31.68316832,14.85148515,5.940594059,0.99009901,8.61E-05,0,0,1,0,0,tangy*,0,7,0.023512544,5,0.023512544
2022-1-13,208,abbey,132726,3345,1,5,20,35,28,10,1,8.61E-05,0,0,1,2,1,ˈæbi,1,1,0.025202296,6,0.025202296
2022-1-12,207,favor ,137586,3073,0,2.02020202,8.080808081,16.16161616,26.26262626,33.33333333,14.14141414,0,0,0,1,0,0,ˈfeɪvər,1,1,0.022335121,0,0.022335121
2022-1-11,206,drink,153880,3017,0,2,17,35,29,14,3,0.006803354,1,0,1,0,0,drɪŋk,1,4,0.019606187,1,0.019606187
2022-1-10,205,query,107134,2242,0,3.03030303,21.21212121,40.4040404,25.25252525,9.090909091,1.01010101,8.61E-05,0,1,0,0,0,kˈwiri,1,4,0.020927063,2,0.020927063
2022-1-9,204,gorge,91477,1913,0,2,16,38,30,12,2,8.61E-05,0,0,1,2,1,gɔrʤ,1,4,0.02091236,3,0.02091236
2022-1-8,203,crank,101503,1763,0,4.04040404,21.21212121,38.38383838,26.26262626,9.090909091,1.01010101,8.61E-05,1,0,1,0,0,kræŋk,1,6,0.017368945,4,0.017368945
2022-1-7,202,slump,80630,1362,0,2.02020202,17.17171717,37.37373737,29.29292929,12.12121212,2.02020202,0.000688947,1,0,1,0,0,sləmp,1,2,0.016891976,5,0.016891976
